time_ms,raw,filtered
0.0,-153882.0,-153882.0
9.0,-154930.0,-154144.0
21.0,-154549.0,-154245.25
32.0,-153690.0,-154106.44
44.0,-154463.0,-154195.58
56.0,-153798.0,-154096.19
67.0,-152660.0,-153737.14
79.0,-153072.0,-153570.86
90.0,-154058.0,-153692.64
102.0,-152861.0,-153484.73
114.0,-153165.0,-153404.8
125.0,-154000.0,-153553.59
137.0,-152493.0,-153288.44
148.0,-151912.0,-152944.33
160.0,-153467.0,-153075.0
171.0,-152936.0,-153040.25
183.0,-151626.0,-152686.69
195.0,-152553.0,-152653.27
206.0,-152561.0,-152630.2
218.0,-151175.0,-152266.41
229.0,-151647.0,-152111.56
241.0,-152359.0,-152173.42
253.0,-151307.0,-151956.81
264.0,-151124.0,-151748.61
276.0,-151626.0,-151717.95
287.0,-151047.0,-151550.22
299.0,-150051.0,-151175.41
310.0,-151227.0,-151188.31
322.0,-150715.0,-151069.98
334.0,-150080.0,-150822.48
345.0,-150849.0,-150829.11
357.0,-150907.0,-150848.58
368.0,-149438.0,-150495.94
380.0,-150240.0,-150431.95
392.0,-150741.0,-150509.22
403.0,-149202.0,-150182.41
415.0,-149109.0,-149914.06
426.0,-150365.0,-150026.8
438.0,-148808.0,-149722.09
450.0,-149073.0,-149559.81
461.0,-149300.0,-149494.86
473.0,-149165.0,-149412.39
484.0,-148195.0,-149108.05
496.0,-148399.0,-148930.78
507.0,-149295.0,-149021.84
519.0,-148661.0,-148931.62
531.0,-148304.0,-148774.72
542.0,-149050.0,-148843.53
554.0,-148613.0,-148785.91
565.0,-147302.0,-148414.94
577.0,-148556.0,-148450.2
589.0,-148118.0,-148367.16
600.0,-147677.0,-148194.62
612.0,-148254.0,-148209.47
623.0,-147639.0,-148066.84
635.0,-145886.0,-147521.62
647.0,-147677.0,-147560.47
658.0,-147654.0,-147583.84
670.0,-146722.0,-147368.38
681.0,-146542.0,-147161.78
693.0,-147364.0,-147212.34
704.0,-146623.0,-147065.0
716.0,-145499.0,-146673.5
728.0,-146941.0,-146740.38
739.0,-147116.0,-146834.28
751.0,-145472.0,-146493.72
762.0,-145542.0,-146255.78
774.0,-146734.0,-146375.34
786.0,-145487.0,-146153.25
797.0,-145497.0,-145989.19
809.0,-145917.0,-145971.14
820.0,-144913.0,-145706.61
832.0,-144753.0,-145468.2
844.0,-145710.0,-145528.66
855.0,-145141.0,-145431.75
867.0,-143890.0,-145046.31
878.0,-143704.0,-144710.73
890.0,-143739.0,-144467.8
901.0,-144308.0,-144427.84
913.0,-144915.0,-144549.62
925.0,-144969.0,-144654.47
936.0,-143312.0,-144318.84
948.0,-143826.0,-144195.62
959.0,-144980.0,-144391.72
971.0,-143879.0,-144263.53
983.0,-142717.0,-143876.91
994.0,-143985.0,-143903.94
1006.0,-142943.0,-143663.7
1017.0,-142986.0,-143494.28
1029.0,-143474.0,-143489.22
1041.0,-144104.0,-143642.91
1052.0,-142410.0,-143334.69
1064.0,-141750.0,-142938.52
1075.0,-142997.0,-142953.14
1087.0,-143038.0,-142974.36
1098.0,-141781.0,-142676.02
1110.0,-143199.0,-142806.77
1122.0,-142466.0,-142721.58
1133.0,-140988.0,-142288.19
1145.0,-141681.0,-142136.39
1156.0,-142258.0,-142166.8
1168.0,-141389.0,-141972.34
1180.0,-141134.0,-141762.75
1191.0,-141743.0,-141757.81
1203.0,-140937.0,-141552.61
1214.0,-140771.0,-141357.2
1226.0,-141541.0,-141403.16
1238.0,-140934.0,-141285.88
1249.0,-140048.0,-140976.41
1261.0,-140924.0,-140963.31
1272.0,-140841.0,-140932.73
1284.0,-139828.0,-140656.55
1295.0,-140342.0,-140577.91
1307.0,-140915.0,-140662.19
1319.0,-139805.0,-140447.89
1330.0,-139836.0,-140294.92
1342.0,-140325.0,-140302.44
1353.0,-138450.0,-139839.33
1365.0,-139239.0,-139689.25
1377.0,-141063.0,-140032.69
1388.0,-140807.0,-140226.27
1400.0,-138872.0,-139887.7
1411.0,-139329.0,-139748.03
1423.0,-138919.0,-139540.78
1435.0,-137493.0,-139028.84
1446.0,-138976.0,-139015.62
1458.0,-140099.0,-139286.47
1469.0,-138415.0,-139068.59
1481.0,-138503.0,-138927.19
1492.0,-138945.0,-138931.64
1504.0,-138022.0,-138704.23
1516.0,-138023.0,-138533.92
1527.0,-138775.0,-138594.19
1539.0,-138221.0,-138500.89
1550.0,-136769.0,-138067.92
1562.0,-137040.0,-137810.94
1574.0,-137137.0,-137642.45
1585.0,-137418.0,-137586.34
1597.0,-136664.0,-137355.75
1608.0,-137418.0,-137371.31
1620.0,-137311.0,-137356.23
1631.0,-136863.0,-137232.92
1643.0,-137202.0,-137225.19
1655.0,-136836.0,-137127.89
1666.0,-136151.0,-136883.67
1678.0,-136598.0,-136812.25
1689.0,-137211.0,-136911.94
1701.0,-135944.0,-136669.95
1713.0,-135652.0,-136415.47
1724.0,-136798.0,-136511.09
1736.0,-136257.0,-136447.56
1747.0,-136216.0,-136389.67
1759.0,-136287.0,-136364.0
1771.0,-135708.0,-136200.0
1782.0,-134867.0,-135866.75
1794.0,-135818.0,-135854.56
1805.0,-135658.0,-135805.42
1817.0,-135194.0,-135652.56
1828.0,-135517.0,-135618.67
1840.0,-135847.0,-135675.75
1852.0,-134825.0,-135463.06
1863.0,-134598.0,-135246.8
1875.0,-135200.0,-135235.09
1886.0,-134991.0,-135174.06
1898.0,-134017.0,-134884.8
1910.0,-134632.0,-134821.59
1921.0,-134954.0,-134854.69
1933.0,-133471.0,-134508.77
1944.0,-134099.0,-134406.33
1956.0,-134428.0,-134411.75
1968.0,-133675.0,-134227.56
1979.0,-133793.0,-134118.92
1991.0,-134497.0,-134213.44
2002.0,-133383.0,-134005.83
2014.0,-132530.0,-133636.88
2025.0,-132524.0,-133358.66
2037.0,-132248.0,-133081.0
2049.0,-132393.0,-132909.0
2060.0,-133371.0,-133024.5
2072.0,-133398.0,-133117.88
2083.0,-131793.0,-132786.66
2095.0,-131428.0,-132447.0
2107.0,-133156.0,-132624.25
2118.0,-132145.0,-132504.44
2130.0,-131265.0,-132194.58
2141.0,-132465.0,-132262.19
2153.0,-131967.0,-132188.39
2165.0,-131211.0,-131944.05
2176.0,-132129.0,-131990.28
2188.0,-131463.0,-131858.47
2199.0,-130514.0,-131522.34
2211.0,-130712.0,-131319.75
2222.0,-131140.0,-131274.81
2234.0,-129812.0,-130909.11
2246.0,-130215.0,-130735.58
2257.0,-131331.0,-130884.44
2269.0,-130249.0,-130725.58
2280.0,-130136.0,-130578.19
2292.0,-131657.0,-130847.89
2304.0,-130925.0,-130867.17
2315.0,-129777.0,-130594.62
2327.0,-131407.0,-130797.72
2338.0,-131502.0,-130973.79
2350.0,-131189.0,-131027.59
2362.0,-134626.0,-131927.19
2373.0,-138163.0,-133486.14
2385.0,-139144.0,-134900.61
2396.0,-140921.0,-136405.7
2408.0,-143898.0,-138278.78
2419.0,-144676.0,-139878.09
2431.0,-145736.0,-141342.56
2443.0,-148373.0,-143100.17
2454.0,-148093.0,-144348.38
2466.0,-146944.0,-144997.28
2477.0,-147276.0,-145566.97
2489.0,-146488.0,-145797.22
2501.0,-143423.0,-145203.66
2512.0,-141941.0,-144388.0
2524.0,-142263.0,-143856.75
2535.0,-139906.0,-142869.06
2547.0,-137189.0,-141449.05
2559.0,-138165.0,-140628.03
2570.0,-135633.0,-139379.28
2582.0,-133873.0,-138002.72
2593.0,-137336.0,-137836.03
2605.0,-137024.0,-137633.03
2616.0,-135078.0,-136994.28
2628.0,-135500.0,-136620.72
2640.0,-135541.0,-136350.78
2651.0,-134019.0,-135767.84
2663.0,-133751.0,-135263.62
2674.0,-134304.0,-135023.72
2686.0,-132653.0,-134431.03
2698.0,-132164.0,-133864.28
2709.0,-133756.0,-133837.22
2721.0,-133601.0,-133778.16
2732.0,-132496.0,-133457.62
2744.0,-135264.0,-133909.22
2756.0,-136689.0,-134604.16
2767.0,-134780.0,-134648.12
2779.0,-135252.0,-134799.09
2790.0,-136016.0,-135103.31
2802.0,-132838.0,-134536.98
2813.0,-133745.0,-134338.98
2825.0,-134371.0,-134346.98
2837.0,-132878.0,-133979.73
2848.0,-133209.0,-133787.05
2860.0,-133313.0,-133668.53
2871.0,-133004.0,-133502.41
2883.0,-133629.0,-133534.06
2895.0,-132992.0,-133398.55
2906.0,-134364.0,-133639.91
2918.0,-131783.0,-133175.69
2929.0,-133235.0,-133190.52
2941.0,-135171.0,-133685.64
2953.0,-133689.0,-133686.48
2964.0,-131637.0,-133174.11
2976.0,-134142.0,-133416.08
2987.0,-133181.0,-133357.31
2999.0,-131723.0,-132948.73
3010.0,-132115.0,-132740.3
3022.0,-133303.0,-132880.97
3034.0,-131436.0,-132519.72
3045.0,-132091.0,-132412.53
3057.0,-133275.0,-132628.16
3068.0,-130184.0,-132017.12
3080.0,-129562.0,-131403.34
3092.0,-132302.0,-131628.0
3103.0,-130830.0,-131428.5
3115.0,-129666.0,-130987.88
3126.0,-131887.0,-131212.66
3138.0,-130946.0,-131146.0
3150.0,-127912.0,-130337.5
3161.0,-129262.0,-130068.62
3173.0,-131102.0,-130326.97
3184.0,-128716.0,-129924.23
3196.0,-130467.0,-130059.92
3207.0,-132060.0,-130559.94
3219.0,-130106.0,-130446.45
3231.0,-128543.0,-129970.59
3242.0,-130709.0,-130155.2
3254.0,-129149.0,-129903.65
3265.0,-126304.0,-129003.73
3277.0,-128222.0,-128808.3
3289.0,-127943.0,-128591.97
3300.0,-125764.0,-127884.98
3312.0,-127349.0,-127750.98
3323.0,-127591.0,-127710.98
3335.0,-124901.0,-127008.48
3347.0,-124946.0,-126492.86
3358.0,-125869.0,-126336.89
3370.0,-123336.0,-125586.67
3381.0,-123354.0,-125028.5
3393.0,-124581.0,-124916.62
3404.0,-123406.0,-124538.97
3416.0,-121309.0,-123731.48
3428.0,-122371.0,-123391.36
3439.0,-123196.0,-123342.52
3451.0,-120498.0,-122631.39
3462.0,-121965.0,-122464.8
3474.0,-123114.0,-122627.09
3486.0,-120967.0,-122212.07
3497.0,-121278.0,-121978.55
3509.0,-123396.0,-122332.91
3520.0,-122039.0,-122259.44
3532.0,-120771.0,-121887.33
3544.0,-122308.0,-121992.5
3555.0,-122049.0,-122006.62
3567.0,-120489.0,-121627.22
3578.0,-121239.0,-121530.16
3590.0,-122125.0,-121678.88
3601.0,-122045.0,-121770.41
3613.0,-122249.0,-121890.05
3625.0,-124106.0,-122444.04
3636.0,-122787.0,-122529.78
3648.0,-122283.0,-122468.09
3659.0,-124039.0,-122860.81
3671.0,-123531.0,-123028.36
3683.0,-122739.0,-122956.02
3694.0,-124507.0,-123343.77
3706.0,-124693.0,-123681.08
3717.0,-121795.0,-123209.56
3729.0,-123418.0,-123261.67
3741.0,-124575.0,-123590.0
3752.0,-122291.0,-123265.25
3764.0,-121730.0,-122881.44
3775.0,-123545.0,-123047.33
3787.0,-122109.0,-122812.75
3798.0,-120785.0,-122305.81
3810.0,-122115.0,-122258.11
3822.0,-121549.0,-122080.83
3833.0,-119328.0,-121392.62
3845.0,-120479.0,-121164.22
3856.0,-120694.0,-121046.66
3868.0,-118149.0,-120322.25
3880.0,-119384.0,-120087.69
3891.0,-121358.0,-120405.27
3903.0,-119270.0,-120121.45
3914.0,-120639.0,-120250.84
3926.0,-122216.0,-120742.13
3938.0,-121188.0,-120853.6
3949.0,-119574.0,-120533.7
3961.0,-121620.0,-120805.28
3972.0,-121847.0,-121065.71
3984.0,-120488.0,-120921.28
3995.0,-121066.0,-120957.46
4007.0,-122004.0,-121219.09
4019.0,-120278.0,-120983.82
4030.0,-120142.0,-120773.37
4042.0,-121111.0,-120857.77
4053.0,-120008.0,-120645.33
4065.0,-118489.0,-120106.25
4077.0,-120105.0,-120105.94
4088.0,-119297.0,-119903.7
4100.0,-117027.0,-119184.53
4111.0,-117900.0,-118863.4
4123.0,-118822.0,-118853.05
4135.0,-118843.0,-118850.53
4146.0,-118866.0,-118854.4
4158.0,-120579.0,-119285.55
4169.0,-119063.0,-119229.91
4181.0,-118133.0,-118955.68
4192.0,-119835.0,-119175.51
4204.0,-119056.0,-119145.63
4216.0,-117908.0,-118836.23
4227.0,-119511.0,-119004.92
4239.0,-119238.0,-119063.19
4250.0,-116895.0,-118521.14
4262.0,-117871.0,-118358.61
4274.0,-118517.0,-118398.2
4285.0,-115675.0,-117717.41
4297.0,-115484.0,-117159.05
4308.0,-116732.0,-117052.29
4320.0,-114669.0,-116456.47
4332.0,-113787.0,-115789.1
4343.0,-115256.0,-115655.83
4355.0,-114869.0,-115459.12
4366.0,-112841.0,-114804.59
4378.0,-113931.0,-114586.2
4389.0,-114478.0,-114559.15
4401.0,-113348.0,-114256.36
4413.0,-114945.0,-114428.52
4424.0,-116527.0,-114953.14
4436.0,-115204.0,-115015.86
4447.0,-117465.0,-115628.14
4459.0,-119573.0,-116614.36
4471.0,-118654.0,-117124.27
4482.0,-117074.0,-117111.7
4494.0,-119734.0,-117767.28
4505.0,-119965.0,-118316.71
4517.0,-117566.0,-118129.03
4529.0,-120628.0,-118753.77
4540.0,-121747.0,-119502.08
4552.0,-119839.0,-119586.31
4563.0,-121645.0,-120100.98
4575.0,-123667.0,-120992.48
4586.0,-122025.0,-121250.61
4598.0,-120352.0,-121025.95
4610.0,-121610.0,-121171.97
4621.0,-120155.0,-120917.73
4633.0,-118813.0,-120391.55
4644.0,-117909.0,-119770.91
4656.0,-117632.0,-119236.18
4668.0,-115112.0,-118205.13
4679.0,-115222.0,-117459.35
4691.0,-116262.0,-117160.02
4702.0,-114232.0,-116428.02
4714.0,-113869.0,-115788.27
4726.0,-115357.0,-115680.45
4737.0,-114131.0,-115293.09
4749.0,-112780.0,-114664.82
4760.0,-114214.0,-114552.12
4772.0,-114195.0,-114462.84
4783.0,-112139.0,-113881.88
4795.0,-113440.0,-113771.41
4807.0,-114140.0,-113863.55
4818.0,-112488.0,-113519.66
4830.0,-113132.0,-113422.75
4841.0,-115381.0,-113912.31
4853.0,-115138.0,-114218.73
4865.0,-115259.0,-114478.8
4876.0,-117337.0,-115193.34
4888.0,-117868.0,-115862.01
4899.0,-117222.0,-116202.01
4911.0,-118213.0,-116704.76
4923.0,-118309.0,-117105.82
4934.0,-116550.0,-116966.87
4946.0,-117030.0,-116982.65
4957.0,-117924.0,-117217.98
4969.0,-117752.0,-117351.48
4980.0,-117080.0,-117283.61
4992.0,-118469.0,-117579.95
5004.0,-117734.0,-117618.47
5015.0,-115817.0,-117168.1
5027.0,-116412.0,-116979.08
5038.0,-116044.0,-116745.31
5050.0,-114102.0,-116084.48
5062.0,-114224.0,-115619.36
5073.0,-114297.0,-115288.77
5085.0,-113116.0,-114745.58
5096.0,-111975.0,-114052.94
5108.0,-112968.0,-113781.7
5120.0,-111959.0,-113326.03
5131.0,-111338.0,-112829.02
5143.0,-111541.0,-112507.02
5154.0,-111490.0,-112252.77
5166.0,-110602.0,-111840.08
5177.0,-110681.0,-111550.31
5189.0,-110774.0,-111356.23
5201.0,-109706.0,-110943.67
5212.0,-109690.0,-110630.25
5224.0,-110441.0,-110582.94
5235.0,-109971.0,-110429.95
5247.0,-108953.0,-110060.72
5259.0,-109416.0,-109899.54
5270.0,-109682.0,-109845.16
5282.0,-109056.0,-109647.87
5293.0,-109822.0,-109691.4
5305.0,-110607.0,-109920.3
5317.0,-109687.0,-109861.97
5328.0,-109650.0,-109808.98
5340.0,-110313.0,-109934.98
5351.0,-110179.0,-109995.98
5363.0,-109864.0,-109962.98
5374.0,-110573.0,-110115.48
5386.0,-110452.0,-110199.61
5398.0,-109593.0,-110047.95
5409.0,-110145.0,-110072.22
5421.0,-110728.0,-110236.16
5432.0,-109807.0,-110128.88
5444.0,-110226.0,-110153.16
5456.0,-111159.0,-110404.62
5467.0,-110713.0,-110481.71
5479.0,-110557.0,-110500.53
5490.0,-111180.0,-110670.4
5502.0,-110574.0,-110646.3
5514.0,-110050.0,-110497.22
5525.0,-111093.0,-110646.16
5537.0,-110367.0,-110576.38
5548.0,-108817.0,-110136.53
5560.0,-109676.0,-110021.4
5571.0,-109742.0,-109951.55
5583.0,-108661.0,-109628.91
5595.0,-109433.0,-109579.93
5606.0,-110127.0,-109716.7
5618.0,-109255.0,-109601.27
5629.0,-109916.0,-109679.95
5641.0,-110641.0,-109920.22
5653.0,-109520.0,-109820.16
5664.0,-108673.0,-109533.38
5676.0,-109999.0,-109649.78
5687.0,-110141.0,-109772.59
5699.0,-108625.0,-109485.69
5711.0,-110537.0,-109748.52
5722.0,-111943.0,-110297.14
5734.0,-109218.0,-110027.36
5745.0,-109646.0,-109932.02
5757.0,-112014.0,-110452.52
5768.0,-109943.0,-110325.14
5780.0,-110116.0,-110272.86
5792.0,-111070.0,-110472.14
5803.0,-109717.0,-110283.36
5815.0,-108438.0,-109822.02
5826.0,-110175.0,-109910.27
5838.0,-109999.0,-109932.45
5850.0,-107613.0,-109352.59
5861.0,-108151.0,-109052.2
5873.0,-108667.0,-108955.9
5884.0,-108421.0,-108822.17
5896.0,-107532.0,-108499.62
5908.0,-109022.0,-108630.22
5919.0,-107322.0,-108303.16
5931.0,-108353.0,-108315.62
5942.0,-108936.0,-108470.72
5954.0,-107205.0,-108154.29
5965.0,-106236.0,-107674.72
5977.0,-108297.0,-107830.29
5989.0,-107924.0,-107853.72
6000.0,-105760.0,-107330.29
6012.0,-106515.0,-107126.47
6023.0,-107891.0,-107317.6
6035.0,-104265.0,-106554.45
6047.0,-106490.0,-106538.34
6058.0,-107830.0,-106861.26
6070.0,-105893.0,-106619.2
6081.0,-106178.0,-106508.9
6093.0,-107658.0,-106796.17
6105.0,-107221.0,-106902.38
6116.0,-105119.0,-106456.53
6128.0,-106221.0,-106397.65
6139.0,-107945.0,-106784.48
6151.0,-105620.0,-106493.36
6162.0,-105041.0,-106130.27
6174.0,-106566.0,-106239.2
6186.0,-105599.0,-106079.16
6197.0,-105231.0,-105867.12
6209.0,-107700.0,-106325.34
6220.0,-106196.0,-106293.0
6232.0,-104844.0,-105930.75
6244.0,-106555.0,-106086.81
6255.0,-107477.0,-106434.36
6267.0,-105043.0,-106086.52
6278.0,-105373.0,-105908.14
6290.0,-107481.0,-106301.36
6302.0,-106596.0,-106375.02
6313.0,-107262.0,-106596.77
6325.0,-110474.0,-107566.08
6336.0,-109416.0,-108028.56
6348.0,-109019.0,-108276.17
6359.0,-113688.0,-109629.12
6371.0,-114826.0,-110928.34
6383.0,-113128.0,-111478.26
6394.0,-114480.0,-112228.7
6406.0,-115702.0,-113097.02
6417.0,-115895.0,-113796.52
6429.0,-116795.0,-114546.14
6441.0,-118769.0,-115601.86
6452.0,-116668.0,-115868.39
6464.0,-118881.0,-116621.55
6475.0,-120193.0,-117514.41
6487.0,-118468.0,-117752.8
6499.0,-117347.0,-117651.35
6510.0,-119309.0,-118065.77
6522.0,-119187.0,-118346.08
6533.0,-116853.0,-117972.81
6545.0,-118528.0,-118111.61
6556.0,-119336.0,-118417.7
6568.0,-118027.0,-118320.03
6580.0,-115849.0,-117702.27
6591.0,-117956.0,-117765.7
6603.0,-116559.0,-117464.03
6614.0,-114753.0,-116786.27
6626.0,-117088.0,-116861.7
6638.0,-115932.0,-116629.28
6649.0,-113889.0,-115944.21
6661.0,-115706.0,-115884.66
6672.0,-115953.0,-115901.74
6684.0,-114375.0,-115520.05
6696.0,-115368.0,-115482.04
6707.0,-117005.0,-115862.78
6719.0,-114254.0,-115460.59
6730.0,-113513.0,-114973.69
6742.0,-114622.0,-114885.77
6753.0,-112573.0,-114307.58
6765.0,-110832.0,-113438.69
6777.0,-111119.0,-112858.77
6788.0,-111397.0,-112493.33
6800.0,-109329.0,-111702.25
6811.0,-109183.0,-111072.44
6823.0,-108799.0,-110504.08
6835.0,-105652.0,-109291.06
6846.0,-105196.0,-108267.3
6858.0,-106297.0,-107774.72
6869.0,-105192.0,-107129.04
6881.0,-105204.0,-106647.78
6893.0,-106571.0,-106628.59
6904.0,-105728.0,-106403.44
6916.0,-104374.0,-105896.08
6927.0,-105465.0,-105788.31
6939.0,-105880.0,-105811.23
6950.0,-105531.0,-105741.17
6962.0,-106402.0,-105906.38
6974.0,-106630.0,-106087.28
6985.0,-104404.0,-105666.46
6997.0,-103154.0,-105038.34
7008.0,-105451.0,-105141.51
7020.0,-104684.0,-105027.13
7032.0,-103683.0,-104691.1
7043.0,-103944.0,-104504.33
7055.0,-103052.0,-104141.25
7066.0,-102719.0,-103785.69
7078.0,-103858.0,-103803.77
7090.0,-103957.0,-103842.08
7101.0,-100274.0,-102950.06
7113.0,-102098.0,-102737.05
7124.0,-103284.0,-102873.78
7136.0,-101327.0,-102487.09
7147.0,-100454.0,-101978.81
7159.0,-102685.0,-102155.36
7171.0,-101003.0,-101867.27
7182.0,-99990.0,-101397.95
7194.0,-101859.0,-101513.22
7205.0,-102018.0,-101639.41
7217.0,-100251.0,-101292.31
7229.0,-100445.0,-101080.48
7240.0,-102005.0,-101311.61
7252.0,-100033.0,-100991.95
7263.0,-99843.0,-100704.72
7275.0,-102050.0,-101041.04
7287.0,-101795.0,-101229.53
7298.0,-99805.0,-100873.4
7310.0,-101515.0,-101033.8
7321.0,-101088.0,-101047.34
7333.0,-98034.0,-100294.01
7344.0,-100737.0,-100404.76
7356.0,-101416.0,-100657.57
7368.0,-100967.0,-100734.93
7379.0,-99778.0,-100495.7
7391.0,-101246.0,-100683.27
7402.0,-98991.0,-100260.2
7414.0,-99416.0,-100049.16
7426.0,-102682.0,-100707.37
7437.0,-101126.0,-100812.02
7449.0,-98599.0,-100258.77
7460.0,-100065.0,-100210.33
7472.0,-100309.0,-100235.0
7484.0,-99004.0,-99927.25
7495.0,-100172.0,-99988.44
7507.0,-101598.0,-100390.83
7518.0,-99674.0,-100211.62
7530.0,-99194.0,-99957.22
7541.0,-101313.0,-100296.16
7553.0,-100664.0,-100388.12
7565.0,-99324.0,-100122.09
7576.0,-100022.0,-100097.07
7588.0,-100612.0,-100225.8
7599.0,-98665.0,-99835.6
7611.0,-99575.0,-99770.45
7623.0,-100254.0,-99891.34
7634.0,-99558.0,-99808.01
7646.0,-99595.0,-99754.76
7657.0,-100968.0,-100058.07
7669.0,-98629.0,-99700.8
7681.0,-98330.0,-99358.1
7692.0,-100733.0,-99701.83
7704.0,-99210.0,-99578.88
7715.0,-98174.0,-99227.66
7727.0,-99748.0,-99357.74
7738.0,-100820.0,-99723.3
7750.0,-98618.0,-99446.98
7762.0,-99432.0,-99443.23
7773.0,-100301.0,-99657.67
7785.0,-97795.0,-99192.0
7796.0,-98632.0,-99052.0
7808.0,-100574.0,-99432.5
7820.0,-98823.0,-99280.12
7831.0,-97829.0,-98917.34
7843.0,-99822.0,-99143.51
7854.0,-98823.0,-99063.38
7866.0,-97212.0,-98600.54
7878.0,-99155.0,-98739.16
7889.0,-99434.0,-98912.87
7901.0,-97600.0,-98584.65
7912.0,-98288.0,-98510.48
7924.0,-99976.0,-98876.86
7935.0,-98125.0,-98688.89
7947.0,-97598.0,-98416.17
7959.0,-99410.0,-98664.62
7970.0,-98670.0,-98665.97
7982.0,-97481.0,-98369.73
7993.0,-99126.0,-98558.8
8005.0,-99084.0,-98690.09
8017.0,-97860.0,-98482.57
8028.0,-101041.0,-99122.18
8040.0,-98485.0,-98962.88
8051.0,-97472.0,-98590.16
8063.0,-97683.0,-98363.38
8075.0,-98566.0,-98414.03
8086.0,-98002.0,-98311.02
8098.0,-97773.0,-98176.52
8109.0,-99062.0,-98397.89
8121.0,-98209.0,-98350.67
8132.0,-97578.0,-98157.5
8144.0,-98736.0,-98302.12
8156.0,-98614.0,-98380.09
8167.0,-97349.0,-98122.32
8179.0,-98332.0,-98174.74
8190.0,-99176.0,-98425.05
8202.0,-98601.0,-98469.04
8214.0,-95665.0,-97768.03
8225.0,-99079.0,-98095.77
8237.0,-98080.0,-98091.83
8248.0,-98505.0,-98195.12
8260.0,-98972.0,-98389.34
8272.0,-97972.0,-98285.01
8283.0,-96261.0,-97779.01
8295.0,-98494.0,-97957.76
8306.0,-98953.0,-98206.57
8318.0,-96491.0,-97777.68
8329.0,-97105.0,-97609.51
8341.0,-98745.0,-97893.38
8353.0,-97745.0,-97856.29
8364.0,-97390.0,-97739.72
8376.0,-98677.0,-97974.04
8387.0,-97573.0,-97873.78
8399.0,-96436.0,-97514.34
8411.0,-98794.0,-97834.25
8422.0,-98306.0,-97952.19
8434.0,-95630.0,-97371.64
8445.0,-97880.0,-97498.73
8457.0,-99037.0,-97883.3
8469.0,-96490.0,-97534.97
8480.0,-95912.0,-97129.23
8492.0,-98766.0,-97538.42
8503.0,-97588.0,-97550.81
8515.0,-96285.0,-97234.36
8526.0,-97170.0,-97218.27
8538.0,-97992.0,-97411.7
8550.0,-96421.0,-97164.03
8561.0,-95980.0,-96868.02
8573.0,-97456.0,-97015.02
8584.0,-97271.0,-97079.02
8596.0,-96048.0,-96821.27
8608.0,-97909.0,-97093.2
8619.0,-95401.0,-96670.16
8631.0,-96455.0,-96616.37
8642.0,-98009.0,-96964.52
8654.0,-96163.0,-96764.14
8666.0,-95227.0,-96379.86
8677.0,-97716.0,-96713.89
8689.0,-97418.0,-96889.92
8700.0,-96814.0,-96870.94
8712.0,-97401.0,-97003.45
8723.0,-98028.0,-97259.59
8735.0,-94817.0,-96648.95
8747.0,-96832.0,-96694.71
8758.0,-97974.0,-97014.53
8770.0,-96373.0,-96854.15
8781.0,-95550.0,-96528.11
8793.0,-97205.0,-96697.33
8805.0,-97331.0,-96855.75
8816.0,-95213.0,-96445.06
8828.0,-96651.0,-96496.55
8839.0,-98318.0,-96951.91
8851.0,-95961.0,-96704.18
8863.0,-96470.0,-96645.63
8874.0,-97787.0,-96930.98
8886.0,-95726.0,-96629.73
8897.0,-95131.0,-96255.05
8909.0,-97659.0,-96606.03
8920.0,-96622.0,-96610.02
8932.0,-94999.0,-96207.27
8944.0,-96763.0,-96346.2
8955.0,-96997.0,-96508.91
8967.0,-94744.0,-96067.68
8978.0,-95907.0,-96027.51
8990.0,-97736.0,-96454.63
9002.0,-95393.0,-96189.23
9013.0,-95235.0,-95950.67
9025.0,-96891.0,-96185.75
9036.0,-96097.0,-96163.56
9048.0,-94971.0,-95865.42
9060.0,-96996.0,-96148.06
9071.0,-97352.0,-96449.05
9083.0,-96467.0,-96453.53
9094.0,-97824.0,-96796.15
9106.0,-98338.0,-97181.61
9117.0,-96746.0,-97072.7
9129.0,-97417.0,-97158.78
9141.0,-98741.0,-97554.34
9152.0,-97466.0,-97532.25
9164.0,-97322.0,-97479.69
9175.0,-99263.0,-97925.52
9187.0,-98512.0,-98072.14
9199.0,-97030.0,-97811.61
9210.0,-99290.0,-98181.2
9222.0,-99430.0,-98493.41
9233.0,-97386.0,-98216.55
9245.0,-98336.0,-98246.41
9257.0,-99810.0,-98637.31
